{
    "position_in_meters": {
        "x": -0.05052264034974838,
        "y": 0.07959483589859663,
        "z": -0.08722742720352586
    },
    "rotation_euler_xyz_in_radians": {
        "roll": -0.5046703103499359,
        "pitch": -0.05888009080030976,
        "yaw": -2.9644706592829806
    }
}