{
    "position_in_meters": {
        "x": 0.018106756566091797,
        "y": 0.06910223938025487,
        "z": -0.12366528570163886
    },
    "rotation_euler_xyz_in_radians": {
        "roll": -0.4442188204467705,
        "pitch": 0.01593475400968747,
        "yaw": -3.118262227641808
    }
}