{
    "position_in_meters": {
        "x": 0.04558446898946364,
        "y": -0.09131394208901919,
        "z": 0.03145991554143951
    },
    "rotation_euler_xyz_in_radians": {
        "roll": -0.42519183213840495,
        "pitch": 0.004644517872518739,
        "yaw": -3.122104024104309
    }
}