{
    "position_in_meters": {
        "x": 0.022257501140872594,
        "y": 0.06495190325419423,
        "z": -0.12828862398791402
    },
    "rotation_euler_xyz_in_radians": {
        "roll": -0.4258468347504305,
        "pitch": 0.006205048833868521,
        "yaw": -3.113207661888658
    }
}