{
    "Tsai": 0.03814303007426401,
    "Park": Infinity,
    "Haraud": 0.02257680405016367,
    "Andreff": 0.07070172406167373,
    "Daniilidis": 0.02382758919518296
}