{
    "position_in_meters": {
        "x": 0.008373904834870445,
        "y": 0.052260274216298225,
        "z": -0.13303285903084391
    },
    "rotation_euler_xyz_in_radians": {
        "roll": -0.3976471058873845,
        "pitch": 0.010910655819396764,
        "yaw": -3.0734767080257672
    }
}