{
    "position_in_meters": {
        "x": 0.07140212013307085,
        "y": 0.037861539857813396,
        "z": -0.16657120082053078
    },
    "rotation_euler_xyz_in_radians": {
        "roll": -0.39186902026097536,
        "pitch": 0.06813219121703695,
        "yaw": 3.0685482904064467
    }
}