{
    "position_in_meters": {
        "x": 0.091722672614606,
        "y": 0.02543548724723629,
        "z": -0.17800513791094136
    },
    "rotation_euler_xyz_in_radians": {
        "roll": -0.39940269324162414,
        "pitch": 0.11335929716149362,
        "yaw": 3.013246882093683
    }
}