{
    "position_in_meters": {
        "x": 0.14511846193225783,
        "y": -0.006928929189569805,
        "z": -0.2012829471871935
    },
    "rotation_euler_xyz_in_radians": {
        "roll": -0.3784080140272623,
        "pitch": 0.1758722908640309,
        "yaw": 2.922442394823513
    }
}