{
    "position_in_meters": {
        "x": 0.04270947897594654,
        "y": -0.18182620500186822,
        "z": 0.020132476442614122
    },
    "rotation_euler_xyz_in_radians": {
        "roll": -0.39324934047845006,
        "pitch": 0.06525073104466328,
        "yaw": 3.059832005359877
    }
}