{
    "Tsai": 0.03237311035428289,
    "Park": Infinity,
    "Haraud": 0.0195043374044934,
    "Andreff": 0.07233807763538268,
    "Daniilidis": 0.024631874585854946
}