{
    "position_in_meters": {
        "x": 0.0006553005167560799,
        "y": -0.29932932279209484,
        "z": 0.30902706022397375
    },
    "rotation_euler_xyz_in_radians": {
        "roll": 2.5888160304839323,
        "pitch": 0.31568592568707965,
        "yaw": -0.7800344915547851
    }
}