{
    "position_in_meters": {
        "x": 0.029784724968233645,
        "y": -0.2849025090205616,
        "z": 0.34811586741089373
    },
    "rotation_euler_xyz_in_radians": {
        "roll": 2.397386483436236,
        "pitch": 0.22910646045017047,
        "yaw": -0.7926212076110181
    }
}