{
    "position_in_meters": {
        "x": -0.027634027062515165,
        "y": -0.3164582142380254,
        "z": 0.31277731662296715
    },
    "rotation_euler_xyz_in_radians": {
        "roll": 2.6059743817190872,
        "pitch": 0.2172306325851594,
        "yaw": -0.867126348266859
    }
}