{
    "position_in_meters": {
        "x": -0.028882183396683928,
        "y": -0.255376366955268,
        "z": 0.3795456448398983
    },
    "rotation_euler_xyz_in_radians": {
        "roll": 2.5858195187094113,
        "pitch": 0.07783208626145521,
        "yaw": -0.5875294640237103
    }
}