{
    "position_in_meters": {
        "x": 0.04877965160893491,
        "y": -0.23909512677242536,
        "z": 0.36689005949114795
    },
    "rotation_euler_xyz_in_radians": {
        "roll": 2.6128877474566394,
        "pitch": 0.12659623467242942,
        "yaw": -0.37019778482108623
    }
}