{
    "position_in_meters": {
        "x": -0.019078594383596686,
        "y": -0.22208156731974285,
        "z": 0.35703761326866634
    },
    "rotation_euler_xyz_in_radians": {
        "roll": 2.4922047328870622,
        "pitch": 0.1380232865309039,
        "yaw": -0.9111776526750449
    }
}