{
    "position_in_meters": {
        "x": 0.03158952332205786,
        "y": -0.2571554397686415,
        "z": 0.33425070036338755
    },
    "rotation_euler_xyz_in_radians": {
        "roll": 2.4527555410730386,
        "pitch": 0.3367399240650095,
        "yaw": -0.7346059641018026
    }
}