{
    "position_in_meters": {
        "x": -0.08188891963075594,
        "y": -0.29081416205091837,
        "z": 0.3355421456405889
    },
    "rotation_euler_xyz_in_radians": {
        "roll": 2.717742452149655,
        "pitch": 0.17803620775805262,
        "yaw": -0.6153109987085588
    }
}