{
    "position_in_meters": {
        "x": -0.12263600444549992,
        "y": -0.34044283464089475,
        "z": 0.2805340389930322
    },
    "rotation_euler_xyz_in_radians": {
        "roll": 2.8645257267001982,
        "pitch": 0.10958971256936656,
        "yaw": -0.46852965280815484
    }
}