{
    "position_in_meters": {
        "x": -0.022604328113470018,
        "y": -0.18622339552005662,
        "z": 0.4022842362305564
    },
    "rotation_euler_xyz_in_radians": {
        "roll": 2.383216587845252,
        "pitch": 0.06288389214262358,
        "yaw": -0.7433814061978999
    }
}