{
    "position_in_meters": {
        "x": 0.03887786505120296,
        "y": -0.23920382502970805,
        "z": 0.3737954658325306
    },
    "rotation_euler_xyz_in_radians": {
        "roll": 2.5976601824883128,
        "pitch": 0.04487657920907506,
        "yaw": -0.442874482918733
    }
}