{
    "position_in_meters": {
        "x": 0.017971777622146398,
        "y": -0.200456261936726,
        "z": 0.3817011449596093
    },
    "rotation_euler_xyz_in_radians": {
        "roll": 2.478157030679154,
        "pitch": -0.0577858523968513,
        "yaw": -0.7656882525330893
    }
}