{
    "position_in_meters": {
        "x": 0.011516094574349794,
        "y": -0.1577884039650403,
        "z": 0.3905242981671959
    },
    "rotation_euler_xyz_in_radians": {
        "roll": 2.4312810439788906,
        "pitch": -0.06575669801154582,
        "yaw": -0.7009036790113378
    }
}