{
    "position_in_meters": {
        "x": -0.24818660981739907,
        "y": -0.278025745115561,
        "z": 0.24102641879971784
    },
    "rotation_euler_xyz_in_radians": {
        "roll": 2.958442835381327,
        "pitch": -0.1731085590123267,
        "yaw": -0.7560926907501289
    }
}