{
    "position_in_meters": {
        "x": -0.10602363647935256,
        "y": -0.3204554759916504,
        "z": 0.3113779976462695
    },
    "rotation_euler_xyz_in_radians": {
        "roll": 2.7837903882973474,
        "pitch": 0.11406241995032662,
        "yaw": -0.5026947026636592
    }
}