{
    "position_in_meters": {
        "x": -0.014085516907374918,
        "y": -0.2459862874235028,
        "z": 0.37469791515707196
    },
    "rotation_euler_xyz_in_radians": {
        "roll": 2.4643412127884217,
        "pitch": 0.11858234742612739,
        "yaw": -0.7505335196389045
    }
}