{
    "position_in_meters": {
        "x": -0.058912815016738465,
        "y": 0.0945565107159294,
        "z": -0.04913212336109791
    },
    "rotation_euler_xyz_in_radians": {
        "roll": -0.4974209163427368,
        "pitch": -0.06839790808635526,
        "yaw": -2.926295725770767
    }
}