{
    "position_in_meters": {
        "x": -0.024765583971179995,
        "y": 0.04714101683003839,
        "z": -0.1253048987025965
    },
    "rotation_euler_xyz_in_radians": {
        "roll": -0.40687783612770123,
        "pitch": -0.020018443084329984,
        "yaw": -3.0621371181664356
    }
}