{
    "position_in_meters": {
        "x": 0.002113938544255338,
        "y": 0.05130294086045245,
        "z": -0.12094184901530783
    },
    "rotation_euler_xyz_in_radians": {
        "roll": -0.41076572903752395,
        "pitch": 0.008914064036029679,
        "yaw": -3.0797267988920307
    }
}