{
    "position_in_meters": {
        "x": 0.002091287352515278,
        "y": 0.05125755533382918,
        "z": -0.1209888104024664
    },
    "rotation_euler_xyz_in_radians": {
        "roll": -0.41058501581397366,
        "pitch": 0.009016218724718472,
        "yaw": -3.079551636300712
    }
}