{
    "position_in_meters": {
        "x": -0.002850417082610114,
        "y": -0.026621650888396964,
        "z": -0.0799032121500371
    },
    "rotation_euler_xyz_in_radians": {
        "roll": -0.4022887616252011,
        "pitch": 0.014315036215829302,
        "yaw": -3.0816699405013144
    }
}