{
    "Tsai": 0.054511908063341455,
    "Park": 0.030382869406818357,
    "Haraud": 0.030419799215959574,
    "Andreff": 0.03808184558666851,
    "Daniilidis": 0.03407768853404277
}