{
    "position_in_meters": {
        "x": -0.011987378013352163,
        "y": 0.05502108028491627,
        "z": -0.13405326183330915
    },
    "rotation_euler_xyz_in_radians": {
        "roll": -0.37969386917208015,
        "pitch": -0.02392687127374149,
        "yaw": -3.062238188371238
    }
}