{
    "position_in_meters": {
        "x": -0.0059468192978605755,
        "y": 0.045912698769832325,
        "z": -0.13613785525210345
    },
    "rotation_euler_xyz_in_radians": {
        "roll": -0.36773908946665435,
        "pitch": -0.014484649050586107,
        "yaw": -3.0070129863232364
    }
}