{
    "position_in_meters": {
        "x": 0.003950875910597201,
        "y": 0.052878268306883934,
        "z": -0.13312760347010016
    },
    "rotation_euler_xyz_in_radians": {
        "roll": -0.3935807480204496,
        "pitch": 0.008452375057211858,
        "yaw": -3.0714273155841907
    }
}