{
    "position_in_meters": {
        "x": 0.003966075417810799,
        "y": 0.05291312333752951,
        "z": -0.1331075284220638
    },
    "rotation_euler_xyz_in_radians": {
        "roll": -0.3937012157330475,
        "pitch": 0.008433847068712197,
        "yaw": -3.07160981051342
    }
}