{
    "position_in_meters": {
        "x": -0.004028914538537209,
        "y": 0.0015021548657912498,
        "z": -0.08109119654107355
    },
    "rotation_euler_xyz_in_radians": {
        "roll": -0.3910846530636918,
        "pitch": 0.011670370868315905,
        "yaw": -3.0682422510837792
    }
}