{
    "Tsai": 0.0336835046477812,
    "Park": 0.02806607523206663,
    "Haraud": 0.028076092807859165,
    "Andreff": 0.030946966945560365,
    "Daniilidis": 0.029274049775056817
}