{
    "position_in_meters": {
        "x": 0.03199309045495967,
        "y": 0.025992075661364467,
        "z": -0.08814848956418661
    },
    "rotation_euler_xyz_in_radians": {
        "roll": -0.4216189362103515,
        "pitch": 0.017956870938586444,
        "yaw": -3.118580077887948
    }
}