{
    "position_in_meters": {
        "x": -0.004679758745197066,
        "y": 0.08878821045431343,
        "z": -0.08167994012918693
    },
    "rotation_euler_xyz_in_radians": {
        "roll": -0.47380647667276987,
        "pitch": -0.020382697819618212,
        "yaw": -3.0384694914345687
    }
}