{
    "position_in_meters": {
        "x": 0.02296321320130119,
        "y": 0.07887271416512945,
        "z": -0.10682336571863316
    },
    "rotation_euler_xyz_in_radians": {
        "roll": -0.4420390541839645,
        "pitch": 0.016743123832000384,
        "yaw": -3.1153319878735983
    }
}