{
    "position_in_meters": {
        "x": 0.03020091144588005,
        "y": 0.0671237499615277,
        "z": -0.1191696770174898
    },
    "rotation_euler_xyz_in_radians": {
        "roll": -0.4222296760635933,
        "pitch": 0.016796394989187835,
        "yaw": -3.1175423274924836
    }
}