{
    "Tsai": 0.02897120248829007,
    "Park": Infinity,
    "Haraud": 0.020902470827732566,
    "Andreff": 0.02500237138493603,
    "Daniilidis": 0.02241498321281229
}