{
    "position_in_meters": {
        "x": -0.015682645910904628,
        "y": 0.0572851415256621,
        "z": -0.1285258762345116
    },
    "rotation_euler_xyz_in_radians": {
        "roll": -0.384179771895546,
        "pitch": -0.023429103139060325,
        "yaw": -3.060694662059113
    }
}