{
    "position_in_meters": {
        "x": 0.000564223856864346,
        "y": 0.05343215372026253,
        "z": -0.1302824445738681
    },
    "rotation_euler_xyz_in_radians": {
        "roll": -0.3967525133474272,
        "pitch": 0.012154411014133837,
        "yaw": -3.0790381146146384
    }
}