{
    "position_in_meters": {
        "x": -0.026708079536909554,
        "y": 0.045409341027018824,
        "z": -0.12896577205580967
    },
    "rotation_euler_xyz_in_radians": {
        "roll": -0.3672017647946093,
        "pitch": -0.03270234364860802,
        "yaw": -2.9842382081686294
    }
}