{
    "position_in_meters": {
        "x": 0.0004957153165649625,
        "y": 0.05336951364358195,
        "z": -0.13032743898456017
    },
    "rotation_euler_xyz_in_radians": {
        "roll": -0.3965455155544453,
        "pitch": 0.012138547831375135,
        "yaw": -3.0787536393907526
    }
}