{
    "position_in_meters": {
        "x": -0.00418274179298931,
        "y": 0.008709093999699546,
        "z": -0.09050457777050117
    },
    "rotation_euler_xyz_in_radians": {
        "roll": -0.3916548568634315,
        "pitch": 0.015290006285646252,
        "yaw": -3.07486259266427
    }
}