{
    "Tsai": 0.042748582914096736,
    "Park": 0.030325505679091775,
    "Haraud": 0.030352002468348,
    "Andreff": 0.032499570852576626,
    "Daniilidis": 0.032536644312615534
}