{
    "position_in_meters": {
        "x": -0.0006646463466407765,
        "y": 0.0017034935945503538,
        "z": -0.08339499328107577
    },
    "rotation_euler_xyz_in_radians": {
        "roll": -0.39398819954650866,
        "pitch": 0.012559969058038245,
        "yaw": -3.0698225169992552
    }
}