{
    "position_in_meters": {
        "x": 0.007856751202577686,
        "y": 0.052571660906301686,
        "z": -0.13412643616440414
    },
    "rotation_euler_xyz_in_radians": {
        "roll": -0.39658833510405067,
        "pitch": 0.00956833443253613,
        "yaw": -3.0727450051542475
    }
}