{
    "position_in_meters": {
        "x": -0.010866226924486687,
        "y": 0.055317249056184715,
        "z": -0.13493413553331807
    },
    "rotation_euler_xyz_in_radians": {
        "roll": -0.3798251061163269,
        "pitch": -0.023256186273772572,
        "yaw": -3.0626161716681333
    }
}