{
    "position_in_meters": {
        "x": -0.001902075529041987,
        "y": 0.04652841437238063,
        "z": -0.137627876754953
    },
    "rotation_euler_xyz_in_radians": {
        "roll": -0.3714980578563436,
        "pitch": -0.01680345873385547,
        "yaw": -3.0138715936496
    }
}