{
    "position_in_meters": {
        "x": 0.00784259752199297,
        "y": 0.0525364094833561,
        "z": -0.13414882353371826
    },
    "rotation_euler_xyz_in_radians": {
        "roll": -0.3964628798246661,
        "pitch": 0.009579209412651668,
        "yaw": -3.072564095334261
    }
}