{
    "Tsai": 0.0320443668121415,
    "Park": 0.026673453037322707,
    "Haraud": 0.026683451100237184,
    "Andreff": 0.029501795361684208,
    "Daniilidis": 0.02849396730722626
}