{
    "position_in_meters": {
        "x": -0.04094054914818107,
        "y": 0.039739154238032155,
        "z": -0.13267161487357354
    },
    "rotation_euler_xyz_in_radians": {
        "roll": -0.37327217407149105,
        "pitch": -0.05246183327300957,
        "yaw": -2.992813811640691
    }
}