{
    "position_in_meters": {
        "x": -0.013664043878168365,
        "y": 0.04287031601214147,
        "z": -0.13684039525765282
    },
    "rotation_euler_xyz_in_radians": {
        "roll": -0.3951137090163741,
        "pitch": 0.0030487777779639735,
        "yaw": -3.083853846296491
    }
}