{
    "position_in_meters": {
        "x": -0.031081173644712877,
        "y": 0.04180681762266519,
        "z": -0.13654092829846903
    },
    "rotation_euler_xyz_in_radians": {
        "roll": -0.37629810669215646,
        "pitch": -0.04309279321380943,
        "yaw": -3.063264748071182
    }
}