{
    "position_in_meters": {
        "x": -0.03280601106309186,
        "y": -0.06595746529597041,
        "z": -0.050284680510845225
    },
    "rotation_euler_xyz_in_radians": {
        "roll": -0.390763073892749,
        "pitch": 0.008190994407746288,
        "yaw": -3.078179871370371
    }
}