{
    "position_in_meters": {
        "x": -0.013610962757503196,
        "y": 0.042925746506576934,
        "z": -0.1367801291418305
    },
    "rotation_euler_xyz_in_radians": {
        "roll": -0.39535960585708585,
        "pitch": 0.003073931593788215,
        "yaw": -3.084127132350944
    }
}