{
    "Tsai": 0.042700644530832416,
    "Park": 0.03034805489923583,
    "Haraud": 0.03037341409903677,
    "Andreff": 0.041743984873455264,
    "Daniilidis": 0.03363984458287224
}