{
    "position_in_meters": {
        "x": -0.010764817348902276,
        "y": 0.05585433482602813,
        "z": -0.13348078234135075
    },
    "rotation_euler_xyz_in_radians": {
        "roll": -0.38004014422112653,
        "pitch": -0.022501279065668678,
        "yaw": -3.063449528386208
    }
}