{
    "position_in_meters": {
        "x": -0.0008312113116712982,
        "y": 0.004563975774655171,
        "z": -0.08498347779225399
    },
    "rotation_euler_xyz_in_radians": {
        "roll": -0.39514339141029753,
        "pitch": 0.013893863402859585,
        "yaw": -3.070424232518625
    }
}