{
    "position_in_meters": {
        "x": -0.0010782713570195585,
        "y": 0.0462568833170611,
        "z": -0.1362679150159685
    },
    "rotation_euler_xyz_in_radians": {
        "roll": -0.37091007693333844,
        "pitch": -0.015944034206326396,
        "yaw": -3.017772200051507
    }
}