{
    "Tsai": 0.03023651894029052,
    "Park": 0.025424612115104238,
    "Haraud": Infinity,
    "Andreff": 0.02830640199908027,
    "Daniilidis": 0.027373415516114906
}