{
    "position_in_meters": {
        "x": -0.06352220754021849,
        "y": 0.08765902602278039,
        "z": -0.053456338569081704
    },
    "rotation_euler_xyz_in_radians": {
        "roll": -0.48810417847020204,
        "pitch": -0.05937338087966482,
        "yaw": -2.9310407207443117
    }
}