{
    "position_in_meters": {
        "x": -0.008236261642502712,
        "y": 0.048089337801640084,
        "z": -0.11984099220365305
    },
    "rotation_euler_xyz_in_radians": {
        "roll": -0.4087951842300186,
        "pitch": 0.0013946736126997372,
        "yaw": -3.072651156674808
    }
}