{
    "position_in_meters": {
        "x": -0.03498288002469265,
        "y": 0.03886884726416239,
        "z": -0.1281390585442591
    },
    "rotation_euler_xyz_in_radians": {
        "roll": -0.40308255018399275,
        "pitch": -0.032382748717202814,
        "yaw": -3.0534851878006686
    }
}