{
    "position_in_meters": {
        "x": -0.01784558483216537,
        "y": -0.035978709187971525,
        "z": -0.07453096412037727
    },
    "rotation_euler_xyz_in_radians": {
        "roll": -0.40043300737823095,
        "pitch": 0.005959087883313563,
        "yaw": -3.0744879751658742
    }
}