{
    "position_in_meters": {
        "x": -0.008260540690976849,
        "y": 0.04805001292171119,
        "z": -0.1198933064435814
    },
    "rotation_euler_xyz_in_radians": {
        "roll": -0.40855994275383933,
        "pitch": 0.0015064041398822337,
        "yaw": -3.0724421276989626
    }
}