{
    "Tsai": 0.04836207941695289,
    "Park": 0.029798488637811735,
    "Haraud": 0.029842196082665227,
    "Andreff": 0.03777313821774125,
    "Daniilidis": 0.03409893777960551
}