{
    "position_in_meters": {
        "x": -0.042355508116861035,
        "y": 0.05267608947032465,
        "z": -0.10975777136264839
    },
    "rotation_euler_xyz_in_radians": {
        "roll": -0.40772792080502374,
        "pitch": -0.04547518457817179,
        "yaw": -2.980233761602502
    }
}