{
    "position_in_meters": {
        "x": -0.02820578165045111,
        "y": 0.039133850709259864,
        "z": -0.1321136930753356
    },
    "rotation_euler_xyz_in_radians": {
        "roll": -0.3847268030517472,
        "pitch": -0.03563753725901875,
        "yaw": -3.0618588852692277
    }
}