{
    "position_in_meters": {
        "x": -0.011759865682796918,
        "y": 0.0438267875398157,
        "z": -0.13033104890775266
    },
    "rotation_euler_xyz_in_radians": {
        "roll": -0.401074333822089,
        "pitch": 0.0020428736555742066,
        "yaw": -3.078950803396192
    }
}