{
    "position_in_meters": {
        "x": -0.024793853960774576,
        "y": -0.038832392087841394,
        "z": -0.06792927935141926
    },
    "rotation_euler_xyz_in_radians": {
        "roll": -0.39662015259191374,
        "pitch": 0.0065233375395039594,
        "yaw": -3.074783180372127
    }
}