{
    "Tsai": 0.045416891584331175,
    "Park": 0.03255541037808809,
    "Haraud": Infinity,
    "Andreff": 0.04072116238143586,
    "Daniilidis": 0.034999154024474566
}