{
    "position_in_meters": {
        "x": -0.006994315348297822,
        "y": 0.001389547846815442,
        "z": -0.08062442652638874
    },
    "rotation_euler_xyz_in_radians": {
        "roll": -0.38973180089048887,
        "pitch": 0.011958976707350022,
        "yaw": -3.0664017783101554
    }
}