{
    "position_in_meters": {
        "x": -0.00021945438779920334,
        "y": 0.052168371833919105,
        "z": -0.13240046072160983
    },
    "rotation_euler_xyz_in_radians": {
        "roll": -0.3928210826310281,
        "pitch": 0.008547858587936608,
        "yaw": -3.070313734753082
    }
}