{
    "position_in_meters": {
        "x": -0.00024189841192366612,
        "y": 0.05212676975115803,
        "z": -0.13242289340565275
    },
    "rotation_euler_xyz_in_radians": {
        "roll": -0.39268345421351625,
        "pitch": 0.008575731518155605,
        "yaw": -3.070097218454377
    }
}