{
    "position_in_meters": {
        "x": -0.01145522981302402,
        "y": 0.0443415407579894,
        "z": -0.1346398547338524
    },
    "rotation_euler_xyz_in_radians": {
        "roll": -0.3653762666670528,
        "pitch": -0.014962397682490414,
        "yaw": -2.999232151903497
    }
}