{
    "position_in_meters": {
        "x": -0.013157140117766798,
        "y": 0.05466074847811022,
        "z": -0.13325229302577965
    },
    "rotation_euler_xyz_in_radians": {
        "roll": -0.3796587289678346,
        "pitch": -0.024644957588434657,
        "yaw": -3.0600400323527235
    }
}