{
    "Tsai": 0.03666031344364099,
    "Park": 0.02986808049856531,
    "Haraud": 0.029879924928203874,
    "Andreff": 0.03259140844554761,
    "Daniilidis": 0.03111063464942196
}