{
    "position_in_meters": {
        "x": -0.03012304272029954,
        "y": 0.04513015418981523,
        "z": -0.1271256230582393
    },
    "rotation_euler_xyz_in_radians": {
        "roll": -0.3719629238496509,
        "pitch": -0.0341200878539607,
        "yaw": -2.9799558793369445
    }
}