{
    "position_in_meters": {
        "x": -0.018181582501206526,
        "y": 0.05456616437381867,
        "z": -0.1298758080240117
    },
    "rotation_euler_xyz_in_radians": {
        "roll": -0.3846108976215361,
        "pitch": -0.02728138196172014,
        "yaw": -3.0621275432437423
    }
}