{
    "position_in_meters": {
        "x": -0.00923369779439659,
        "y": -0.0010302456999881082,
        "z": -0.08555898792951994
    },
    "rotation_euler_xyz_in_radians": {
        "roll": -0.39412467935764006,
        "pitch": 0.012620875599298698,
        "yaw": -3.076021297824565
    }
}