{
    "position_in_meters": {
        "x": -0.003059670442845011,
        "y": 0.05130224968507125,
        "z": -0.13109719547047832
    },
    "rotation_euler_xyz_in_radians": {
        "roll": -0.39875781508207675,
        "pitch": 0.009012777136526928,
        "yaw": -3.079934638207973
    }
}