{
    "position_in_meters": {
        "x": -0.0031186381961044243,
        "y": 0.05124533128189032,
        "z": -0.1311430434595299
    },
    "rotation_euler_xyz_in_radians": {
        "roll": -0.39854628175928086,
        "pitch": 0.009009400902629805,
        "yaw": -3.079653618765937
    }
}