{
    "Tsai": 0.04545977044019433,
    "Park": 0.03231615068509924,
    "Haraud": 0.032340429884670695,
    "Andreff": 0.035345745201584955,
    "Daniilidis": 0.034564237860427956
}