{
    "position_in_meters": {
        "x": -0.0030828423175240927,
        "y": 0.05225476067615091,
        "z": -0.13105124721636682
    },
    "rotation_euler_xyz_in_radians": {
        "roll": -0.39541366045997695,
        "pitch": 0.008414368671003647,
        "yaw": -3.0721755332673975
    }
}