{
    "position_in_meters": {
        "x": -0.0031257118119111665,
        "y": 0.05219912281679597,
        "z": -0.13108446411815
    },
    "rotation_euler_xyz_in_radians": {
        "roll": -0.3952413447108347,
        "pitch": 0.00843037843779637,
        "yaw": -3.0719157052614303
    }
}