{
    "position_in_meters": {
        "x": -0.01962691252961994,
        "y": 0.04248886237616625,
        "z": -0.13364304971784796
    },
    "rotation_euler_xyz_in_radians": {
        "roll": -0.3628485905977632,
        "pitch": -0.023509380178768025,
        "yaw": -2.9916174296025484
    }
}