{
    "position_in_meters": {
        "x": -0.007373321187891094,
        "y": -0.00048734090744373404,
        "z": -0.0812848343936593
    },
    "rotation_euler_xyz_in_radians": {
        "roll": -0.39061990044069184,
        "pitch": 0.012387002122841162,
        "yaw": -3.067369806634552
    }
}