{
    "position_in_meters": {
        "x": -0.017251976191278773,
        "y": 0.05493637617354888,
        "z": -0.13099857523788264
    },
    "rotation_euler_xyz_in_radians": {
        "roll": -0.37978004805532617,
        "pitch": -0.027111318303247645,
        "yaw": -3.056999722489739
    }
}