{
    "Tsai": 0.039276778526546256,
    "Park": 0.0306049845203431,
    "Haraud": 0.0306190952783636,
    "Andreff": 0.0334933396974545,
    "Daniilidis": 0.032178228542363414
}